"crossing_id","filename","track_name","time_diff","gpslatitude","lat_map","lat_gps_linked","lat_pscis","gpslongitude","lon_map","lon_gps_linked","lon_pscis","createdate","gps_extracted_time","ele","imagedescription","model","url"
"125000","aerial.png",NA,NA,NA,NA,NA,54.4855449381482,NA,NA,NA,-121.803170980511,NA,NA,NA,NA,NA,"https://raw.githubusercontent.com/NewGraphEnvironment/Parsnip_Fish_Passage/master/data/photos/125000/aerial.png"
"125000","barrel.JPG","125000_us_track1",4,NA,54.4855449381482,54.4854982383549,54.4855449381482,NA,-121.803170980511,-121.803159406409,-121.803170980511,2019-09-02 10:04:41,2019-09-02 10:04:37,770.15,NA,"FinePix XP80 XP81 XP85","https://raw.githubusercontent.com/NewGraphEnvironment/Parsnip_Fish_Passage/master/data/photos/125000/barrel.JPG"
"125000","downstream.JPG","57690_ds_track",5050,NA,54.4855449381482,54.5587363746017,54.4855449381482,NA,-121.803170980511,-122.145764920861,-121.803170980511,2019-09-01 18:59:09,2019-09-01 17:34:59,785.13,NA,"FinePix XP80 XP81 XP85","https://raw.githubusercontent.com/NewGraphEnvironment/Parsnip_Fish_Passage/master/data/photos/125000/downstream.JPG"
"125000","downstream3.JPG","125000_us_track1",0,NA,54.4854832347482,54.4854832347482,54.4855449381482,NA,-121.803154041991,-121.803154041991,-121.803170980511,2019-09-02 10:01:37,2019-09-02 10:01:37,773.14,NA,"FinePix XP80 XP81 XP85","https://raw.githubusercontent.com/NewGraphEnvironment/Parsnip_Fish_Passage/master/data/photos/125000/downstream3.JPG"
"125000","downstream4.JPG","125000_us_track1",3,NA,54.4857537187636,54.4857537187636,54.4855449381482,NA,-121.803369205445,-121.803369205445,-121.803170980511,2019-09-02 09:07:45,2019-09-02 09:07:42,767.81,NA,"FinePix XP80 XP81 XP85","https://raw.githubusercontent.com/NewGraphEnvironment/Parsnip_Fish_Passage/master/data/photos/125000/downstream4.JPG"
"125000","inlet.JPG","125000_us_track1",3,NA,54.4855449381482,54.4854632858187,54.4855449381482,NA,-121.803170980511,-121.803098553792,-121.803170980511,2019-09-02 10:04:45,2019-09-02 10:04:42,770.07,NA,"FinePix XP80 XP81 XP85","https://raw.githubusercontent.com/NewGraphEnvironment/Parsnip_Fish_Passage/master/data/photos/125000/inlet.JPG"
"125000","outlet.JPG","57690_ds_track",5086,NA,54.4855449381482,54.5587363746017,54.4855449381482,NA,-121.803170980511,-122.145764920861,-121.803170980511,2019-09-01 18:59:45,2019-09-01 17:34:59,785.13,NA,"FinePix XP80 XP81 XP85","https://raw.githubusercontent.com/NewGraphEnvironment/Parsnip_Fish_Passage/master/data/photos/125000/outlet.JPG"
"125000","road.JPG","125000_us_track1",0,NA,54.4855449381482,54.4855124875903,54.4855449381482,NA,-121.803170980511,-121.803158316761,-121.803170980511,2019-09-02 10:01:17,2019-09-02 10:01:17,774.37,NA,"FinePix XP80 XP81 XP85","https://raw.githubusercontent.com/NewGraphEnvironment/Parsnip_Fish_Passage/master/data/photos/125000/road.JPG"
"125000","upsteam4.JPG","125000_us_track1",4,NA,54.4842712115496,54.4842712115496,54.4855449381482,NA,-121.798995360732,-121.798995360732,-121.803170980511,2019-09-02 10:52:56,2019-09-02 10:52:52,775.25,NA,"FinePix XP80 XP81 XP85","https://raw.githubusercontent.com/NewGraphEnvironment/Parsnip_Fish_Passage/master/data/photos/125000/upsteam4.JPG"
"125000","upstream.JPG","125000_us_track1",3,NA,54.4855449381482,54.4854569993913,54.4855449381482,NA,-121.803170980511,-121.802687756717,-121.803170980511,2019-09-02 10:11:30,2019-09-02 10:11:27,764.68,NA,"FinePix XP80 XP81 XP85","https://raw.githubusercontent.com/NewGraphEnvironment/Parsnip_Fish_Passage/master/data/photos/125000/upstream.JPG"
"125000","upstream1.JPG","125000_us_track1",0,NA,54.4851207174361,54.4851207174361,54.4855449381482,NA,-121.802577199414,-121.802577199414,-121.803170980511,2019-09-02 10:12:56,2019-09-02 10:12:56,761.33,NA,"FinePix XP80 XP81 XP85","https://raw.githubusercontent.com/NewGraphEnvironment/Parsnip_Fish_Passage/master/data/photos/125000/upstream1.JPG"
"125000","upstream2.JPG","125000_us_track1",1,NA,54.4845561124384,54.4845561124384,54.4855449381482,NA,-121.801522755995,-121.801522755995,-121.803170980511,2019-09-02 10:24:18,2019-09-02 10:24:17,771.07,NA,"FinePix XP80 XP81 XP85","https://raw.githubusercontent.com/NewGraphEnvironment/Parsnip_Fish_Passage/master/data/photos/125000/upstream2.JPG"
"125000","upstream3.JPG","125000_us_track1",4,NA,54.4846434518695,54.4846434518695,54.4855449381482,NA,-121.801073569804,-121.801073569804,-121.803170980511,2019-09-02 10:35:06,2019-09-02 10:35:02,771.51,NA,"FinePix XP80 XP81 XP85","https://raw.githubusercontent.com/NewGraphEnvironment/Parsnip_Fish_Passage/master/data/photos/125000/upstream3.JPG"
"125000","upstream5.JPG","125000_us_track1",2,NA,54.4841931760311,54.4841931760311,54.4855449381482,NA,-121.798916319385,-121.798916319385,-121.803170980511,2019-09-02 10:54:24,2019-09-02 10:54:22,774.54,NA,"FinePix XP80 XP81 XP85","https://raw.githubusercontent.com/NewGraphEnvironment/Parsnip_Fish_Passage/master/data/photos/125000/upstream5.JPG"
"125000","us6.JPG","125000_us_track2",1,54.4773472222222,54.4773472222222,54.4787914585322,54.4855449381482,-121.787986111111,-121.787986111111,-121.783280968666,-121.803170980511,2019-09-08 15:49:31,2019-09-08 15:49:30,813.52,"PSCIS 125000 upstream ","iPhone 7 Plus","https://raw.githubusercontent.com/NewGraphEnvironment/Parsnip_Fish_Passage/master/data/photos/125000/us6.JPG"
"125000","us7.JPG","125000_us_track2",2,54.4798666666667,54.4798666666667,54.4798785913736,54.4855449381482,-121.764519444444,-121.764519444444,-121.764573482797,-121.803170980511,2019-09-08 16:01:12,2019-09-08 16:01:10,865.4,"PSCIS 125000 upstream ","iPhone 7 Plus","https://raw.githubusercontent.com/NewGraphEnvironment/Parsnip_Fish_Passage/master/data/photos/125000/us7.JPG"
"125000","us8.JPG","125000_us_track2",41,54.48355,54.48355,54.4839546270669,54.4855449381482,-121.765983333333,-121.765983333333,-121.766673736274,-121.803170980511,2019-09-08 16:06:02,2019-09-08 16:05:21,887.13,"PSCIS 125000 upstream ","iPhone 7 Plus","https://raw.githubusercontent.com/NewGraphEnvironment/Parsnip_Fish_Passage/master/data/photos/125000/us8.JPG"
"125000","us9.JPG","125000_us_track2",82,54.4839333333333,54.4839333333333,54.4839546270669,54.4855449381482,-121.766686111111,-121.766686111111,-121.766673736274,-121.803170980511,2019-09-08 16:06:43,2019-09-08 16:05:21,887.13,"PSCIS 125000 upstream ","iPhone 7 Plus","https://raw.githubusercontent.com/NewGraphEnvironment/Parsnip_Fish_Passage/master/data/photos/125000/us9.JPG"
"125179","barrel.JPG","125179_us_track",1,NA,54.6180550400001,54.6179865393788,54.6180550400001,NA,-121.911193637061,-121.911221332848,-121.911193637061,2019-08-29 13:06:15,2019-08-29 13:06:14,776.37,NA,"FinePix XP80 XP81 XP85","https://raw.githubusercontent.com/NewGraphEnvironment/Parsnip_Fish_Passage/master/data/photos/125179/barrel.JPG"
"125179","downstream.JPG","125179_us_track",0,NA,54.6180550400001,54.6180650778115,54.6180550400001,NA,-121.911193637061,-121.911151427776,-121.911193637061,2019-08-29 13:03:44,2019-08-29 13:03:44,776.91,NA,"FinePix XP80 XP81 XP85","https://raw.githubusercontent.com/NewGraphEnvironment/Parsnip_Fish_Passage/master/data/photos/125179/downstream.JPG"
"125179","downstream1.JPG","125179_ds_track",1,54.6175277777778,54.6175277777778,54.617527378723,54.6180550400001,-121.913711111111,-121.913711111111,-121.913712350652,-121.911193637061,2019-08-29 13:51:55,2019-08-29 13:51:54,769.4,"","FinePix XP80 XP81 XP85","https://raw.githubusercontent.com/NewGraphEnvironment/Parsnip_Fish_Passage/master/data/photos/125179/downstream1.JPG"
"125179","downstream2.JPG","125179_ds_track",4,54.6175361111111,54.6175361111111,54.6175350062549,54.6180550400001,-121.913708333333,-121.913708333333,-121.913703633472,-121.911193637061,2019-08-29 13:52:08,2019-08-29 13:52:04,768.19,"","FinePix XP80 XP81 XP85","https://raw.githubusercontent.com/NewGraphEnvironment/Parsnip_Fish_Passage/master/data/photos/125179/downstream2.JPG"
"125179","downstream3.JPG","125179_ds_track",1,54.6171916666667,54.6171916666667,54.6171928569674,54.6180550400001,-121.914902777778,-121.914902777778,-121.914903167635,-121.911193637061,2019-08-29 14:04:45,2019-08-29 14:04:44,766.05,"","FinePix XP80 XP81 XP85","https://raw.githubusercontent.com/NewGraphEnvironment/Parsnip_Fish_Passage/master/data/photos/125179/downstream3.JPG"
"125179","downstream4.JPG","125179_ds_track",4,54.6171111111111,54.6171111111111,54.6171214431524,54.6180550400001,-121.915047222222,-121.915047222222,-121.915013389662,-121.911193637061,2019-08-29 14:08:48,2019-08-29 14:08:44,766.04,"","FinePix XP80 XP81 XP85","https://raw.githubusercontent.com/NewGraphEnvironment/Parsnip_Fish_Passage/master/data/photos/125179/downstream4.JPG"
"125179","downstream5.JPG","125179_us_track",3,54.61675,54.61675,54.6219598129392,54.6180550400001,-121.915733333333,-121.915733333333,-121.909896070138,-121.911193637061,2019-08-29 14:12:12,2019-08-29 14:12:09,810.9,"","FinePix XP80 XP81 XP85","https://raw.githubusercontent.com/NewGraphEnvironment/Parsnip_Fish_Passage/master/data/photos/125179/downstream5.JPG"
"125179","inlet.JPG","125179_us_track",1,NA,54.6180550400001,54.6180813387036,54.6180550400001,NA,-121.911193637061,-121.9111995399,-121.911193637061,2019-08-29 13:02:25,2019-08-29 13:02:24,778.61,NA,"FinePix XP80 XP81 XP85","https://raw.githubusercontent.com/NewGraphEnvironment/Parsnip_Fish_Passage/master/data/photos/125179/inlet.JPG"
"125179","outlet.JPG","125179_us_track",1,NA,54.6180550400001,54.6179865393788,54.6180550400001,NA,-121.911193637061,-121.911221332848,-121.911193637061,2019-08-29 13:06:15,2019-08-29 13:06:14,776.37,NA,"FinePix XP80 XP81 XP85","https://raw.githubusercontent.com/NewGraphEnvironment/Parsnip_Fish_Passage/master/data/photos/125179/outlet.JPG"
"125179","road.JPG","125179_us_track",3,NA,54.6180550400001,54.6180103439838,54.6180550400001,NA,-121.911193637061,-121.911143884063,-121.911193637061,2019-08-29 13:00:52,2019-08-29 13:00:49,773.36,NA,"FinePix XP80 XP81 XP85","https://raw.githubusercontent.com/NewGraphEnvironment/Parsnip_Fish_Passage/master/data/photos/125179/road.JPG"
"125179","upstream.JPG","125179_us_track",1,NA,54.6180550400001,54.618045212701,54.6180550400001,NA,-121.911193637061,-121.911063669249,-121.911193637061,2019-08-29 13:01:50,2019-08-29 13:01:49,777.31,NA,"FinePix XP80 XP81 XP85","https://raw.githubusercontent.com/NewGraphEnvironment/Parsnip_Fish_Passage/master/data/photos/125179/upstream.JPG"
"125179","upstream1.JPG","125179_us_track",2,54.6205444444444,54.6205444444444,54.6205457020551,54.6180550400001,-121.910513888889,-121.910513888889,-121.910518845543,-121.911193637061,2019-08-29 13:57:41,2019-08-29 13:57:39,800.52,"","iPhone 7 Plus","https://raw.githubusercontent.com/NewGraphEnvironment/Parsnip_Fish_Passage/master/data/photos/125179/upstream1.JPG"
"125179","upstream2.JPG","125179_ds_track",1582,54.61795,54.61795,54.6167050302029,54.6180550400001,-121.912016666667,-121.912016666667,-121.915906313807,-121.911193637061,2019-08-29 14:43:06,2019-08-29 14:16:44,764.06,NA,"iPhone 7 Plus","https://raw.githubusercontent.com/NewGraphEnvironment/Parsnip_Fish_Passage/master/data/photos/125179/upstream2.JPG"
"125179","upstream3.JPG","125179_ds_track",1690,54.61785,54.61785,54.6167050302029,54.6180550400001,-121.912430555556,-121.912430555556,-121.915906313807,-121.911193637061,2019-08-29 14:44:54,2019-08-29 14:16:44,764.06,NA,"iPhone 7 Plus","https://raw.githubusercontent.com/NewGraphEnvironment/Parsnip_Fish_Passage/master/data/photos/125179/upstream3.JPG"
"125180","barrel.JPG","125253_us2",150419,54.6199833333333,54.6199833333333,54.7559772245586,54.6200512679154,-121.920983333333,-121.920983333333,-122.490706387907,-121.921346661001,2019-09-08 11:26:52,2019-09-06 17:39:53,730.37,"PSCIS 125180 upstream","iPhone 7 Plus","https://raw.githubusercontent.com/NewGraphEnvironment/Parsnip_Fish_Passage/master/data/photos/125180/barrel.JPG"
"125180","barrel2.JPG","125253_us2",150431,54.6199833333333,54.6199833333333,54.7559772245586,54.6200512679154,-121.920983333333,-121.920983333333,-122.490706387907,-121.921346661001,2019-09-08 11:27:04,2019-09-06 17:39:53,730.37,"PSCIS 125180 upstream","iPhone 7 Plus","https://raw.githubusercontent.com/NewGraphEnvironment/Parsnip_Fish_Passage/master/data/photos/125180/barrel2.JPG"
"125180","downstream.JPG","125253_us2",150551,54.6199138888889,54.6199138888889,54.7559772245586,54.6200512679154,-121.921097222222,-121.921097222222,-122.490706387907,-121.921346661001,2019-09-08 11:29:04,2019-09-06 17:39:53,730.37,"PSCIS 125180 upstream","iPhone 7 Plus","https://raw.githubusercontent.com/NewGraphEnvironment/Parsnip_Fish_Passage/master/data/photos/125180/downstream.JPG"
"125180","ds2.JPG","125180_ds",3,54.6177666666667,54.6177666666667,54.6178323123604,54.6200512679154,-121.920783333333,-121.920783333333,-121.920796316117,-121.921346661001,2019-09-08 12:48:09,2019-09-08 12:48:06,764.64,"PSCIS 125180 downstream","iPhone 7 Plus","https://raw.githubusercontent.com/NewGraphEnvironment/Parsnip_Fish_Passage/master/data/photos/125180/ds2.JPG"
"125180","ds3.JPG","125180_ds",0,54.6172472222222,54.6172472222222,54.6173088625073,54.6200512679154,-121.920730555556,-121.920730555556,-121.920760693029,-121.921346661001,2019-09-08 12:52:06,2019-09-08 12:52:06,759.94,"PSCIS 125180 downstream","iPhone 7 Plus","https://raw.githubusercontent.com/NewGraphEnvironment/Parsnip_Fish_Passage/master/data/photos/125180/ds3.JPG"
"125180","inlet.JPG","125253_us2",150411,54.6199833333333,54.6199833333333,54.7559772245586,54.6200512679154,-121.920983333333,-121.920983333333,-122.490706387907,-121.921346661001,2019-09-08 11:26:44,2019-09-06 17:39:53,730.37,"PSCIS 125180 upstream","iPhone 7 Plus","https://raw.githubusercontent.com/NewGraphEnvironment/Parsnip_Fish_Passage/master/data/photos/125180/inlet.JPG"
"125180","outlet.JPG","125253_us2",150538,54.6199138888889,54.6199138888889,54.7559772245586,54.6200512679154,-121.921097222222,-121.921097222222,-122.490706387907,-121.921346661001,2019-09-08 11:28:51,2019-09-06 17:39:53,730.37,"PSCIS 125180 upstream","iPhone 7 Plus","https://raw.githubusercontent.com/NewGraphEnvironment/Parsnip_Fish_Passage/master/data/photos/125180/outlet.JPG"
"125180","outlet2.JPG","125253_us2",150547,54.6199138888889,54.6199138888889,54.7559772245586,54.6200512679154,-121.921097222222,-121.921097222222,-122.490706387907,-121.921346661001,2019-09-08 11:29:00,2019-09-06 17:39:53,730.37,"PSCIS 125180 upstream","iPhone 7 Plus","https://raw.githubusercontent.com/NewGraphEnvironment/Parsnip_Fish_Passage/master/data/photos/125180/outlet2.JPG"
"125180","road.JPG","125253_us2",150383,54.6199833333333,54.6199833333333,54.7559772245586,54.6200512679154,-121.920983333333,-121.920983333333,-122.490706387907,-121.921346661001,2019-09-08 11:26:16,2019-09-06 17:39:53,730.37,"PSCIS 125180 upstream","iPhone 7 Plus","https://raw.githubusercontent.com/NewGraphEnvironment/Parsnip_Fish_Passage/master/data/photos/125180/road.JPG"
"125180","upstream.JPG","125253_us2",150393,54.6199833333333,54.6199833333333,54.7559772245586,54.6200512679154,-121.920983333333,-121.920983333333,-122.490706387907,-121.921346661001,2019-09-08 11:26:26,2019-09-06 17:39:53,730.37,"PSCIS 125180 upstream","iPhone 7 Plus","https://raw.githubusercontent.com/NewGraphEnvironment/Parsnip_Fish_Passage/master/data/photos/125180/upstream.JPG"
"125180","us2.JPG","125180_us",3,54.62205,54.62205,54.6229780465364,54.6200512679154,-121.922302777778,-121.922302777778,-121.922924062237,-121.921346661001,2019-09-08 11:59:59,2019-09-08 11:59:56,805.06,"PSCIS 125180 upstream","iPhone 7 Plus","https://raw.githubusercontent.com/NewGraphEnvironment/Parsnip_Fish_Passage/master/data/photos/125180/us2.JPG"
"125180","us3.JPG","125180_us",4,54.6238166666667,54.6238166666667,54.6240032371134,54.6200512679154,-121.923630555556,-121.923630555556,-121.923423791304,-121.921346661001,2019-09-08 12:06:45,2019-09-08 12:06:41,817.93,"PSCIS 125180 upstream","iPhone 7 Plus","https://raw.githubusercontent.com/NewGraphEnvironment/Parsnip_Fish_Passage/master/data/photos/125180/us3.JPG"
"125180","us4.JPG","125180_us",4,54.6251972222222,54.6251972222222,54.6254565753043,54.6200512679154,-121.924033333333,-121.924033333333,-121.924182018265,-121.921346661001,2019-09-08 12:20:05,2019-09-08 12:20:01,833.82,"PSCIS 125180 upstream","iPhone 7 Plus","https://raw.githubusercontent.com/NewGraphEnvironment/Parsnip_Fish_Passage/master/data/photos/125180/us4.JPG"
"125180","us5.JPG","125180_ds",1,54.6199833333333,54.6199833333333,54.6193314157426,54.6200512679154,-121.920997222222,-121.920997222222,-121.921370644122,-121.921346661001,2019-09-08 12:37:17,2019-09-08 12:37:16,766.79,"PSCIS 125180 downstream","iPhone 7 Plus","https://raw.githubusercontent.com/NewGraphEnvironment/Parsnip_Fish_Passage/master/data/photos/125180/us5.JPG"
"125186","barrel.JPG","125186_us2",2,54.6172861111111,54.6172861111111,54.6172911766917,54.6173016103081,-121.986708333333,-121.986708333333,-121.986709842458,-121.986958232555,2019-09-08 13:33:27,2019-09-08 13:33:25,763.59,"PSCIS 125186 upstream","iPhone 7 Plus","https://raw.githubusercontent.com/NewGraphEnvironment/Parsnip_Fish_Passage/master/data/photos/125186/barrel.JPG"
"125186","barrel2.JPG","125186_us2",1,54.6172916666667,54.6172916666667,54.6172889973968,54.6173016103081,-121.986691666667,-121.986691666667,-121.986696766689,-121.986958232555,2019-09-08 13:33:37,2019-09-08 13:33:36,763.17,"PSCIS 125186 upstream","iPhone 7 Plus","https://raw.githubusercontent.com/NewGraphEnvironment/Parsnip_Fish_Passage/master/data/photos/125186/barrel2.JPG"
"125186","downstream.JPG","125186_us2",1,54.6182916666667,54.6182916666667,54.6182923950255,54.6173016103081,-121.986369444444,-121.986369444444,-121.986372554675,-121.986958232555,2019-09-08 13:43:52,2019-09-08 13:43:51,764.18,"PSCIS 125186 upstream","iPhone 7 Plus","https://raw.githubusercontent.com/NewGraphEnvironment/Parsnip_Fish_Passage/master/data/photos/125186/downstream.JPG"
"125186","ds2.JPG","125186_ds",0,54.61655,54.61655,54.6165744401515,54.6173016103081,-121.986969444444,-121.986969444444,-121.98684210889,-121.986958232555,2019-09-08 14:26:46,2019-09-08 14:26:46,758.31,"PSCIS 125186 downstream","iPhone 7 Plus","https://raw.githubusercontent.com/NewGraphEnvironment/Parsnip_Fish_Passage/master/data/photos/125186/ds2.JPG"
"125186","ds3.JPG","125186_ds",2,54.6165166666667,54.6165166666667,54.6163706760854,54.6173016103081,-121.986930555556,-121.986930555556,-121.986902961507,-121.986958232555,2019-09-08 14:29:53,2019-09-08 14:29:51,757.91,"PSCIS 125186 downstream","iPhone 7 Plus","https://raw.githubusercontent.com/NewGraphEnvironment/Parsnip_Fish_Passage/master/data/photos/125186/ds3.JPG"
"125186","ds4.JPG","125186_ds",3,54.6163666666667,54.6163666666667,54.6159002836794,54.6173016103081,-121.986916666667,-121.986916666667,-121.986994072795,-121.986958232555,2019-09-08 14:33:34,2019-09-08 14:33:31,758.62,"PSCIS 125186 downstream","iPhone 7 Plus","https://raw.githubusercontent.com/NewGraphEnvironment/Parsnip_Fish_Passage/master/data/photos/125186/ds4.JPG"
"125186","inlet.JPG","125186_us2",2,54.6173416666667,54.6173416666667,54.6173468325287,54.6173016103081,-121.986675,-121.986675,-121.986675225198,-121.986958232555,2019-09-08 13:33:08,2019-09-08 13:33:06,763.97,"PSCIS 125186 upstream","iPhone 7 Plus","https://raw.githubusercontent.com/NewGraphEnvironment/Parsnip_Fish_Passage/master/data/photos/125186/inlet.JPG"
"125186","inlet2.JPG","125186_us2",0,54.6174694444444,54.6174694444444,54.6174715552479,54.6173016103081,-121.986711111111,-121.986711111111,-121.986712524667,-121.986958232555,2019-09-08 13:36:46,2019-09-08 13:36:46,765.36,"PSCIS 125186 upstream","iPhone 7 Plus","https://raw.githubusercontent.com/NewGraphEnvironment/Parsnip_Fish_Passage/master/data/photos/125186/inlet2.JPG"
"125186","outlet.JPG","125186_us2",2,54.6172916666667,54.6172916666667,54.6172969602048,54.6173016103081,-121.9867,-121.9867,-121.986690480262,-121.986958232555,2019-09-08 13:33:23,2019-09-08 13:33:21,763.8,"PSCIS 125186 upstream","iPhone 7 Plus","https://raw.githubusercontent.com/NewGraphEnvironment/Parsnip_Fish_Passage/master/data/photos/125186/outlet.JPG"
"125186","road.JPG","125186_us2",2,54.6175,54.6175,54.6175030712038,54.6173016103081,-121.986658333333,-121.986658333333,-121.986665837467,-121.986958232555,2019-09-08 13:32:18,2019-09-08 13:32:16,761.29,"PSCIS 125186 upstream","iPhone 7 Plus","https://raw.githubusercontent.com/NewGraphEnvironment/Parsnip_Fish_Passage/master/data/photos/125186/road.JPG"
"125186","upstream.JPG","125186_us2",4,54.6174638888889,54.6174638888889,54.6174746565521,54.6173016103081,-121.986716666667,-121.986716666667,-121.986745297909,-121.986958232555,2019-09-08 13:32:35,2019-09-08 13:32:31,762.44,"PSCIS 125186 upstream","iPhone 7 Plus","https://raw.githubusercontent.com/NewGraphEnvironment/Parsnip_Fish_Passage/master/data/photos/125186/upstream.JPG"
"125186","us2.JPG","125186_us2",3,54.6174694444444,54.6174694444444,54.6174635924399,54.6173016103081,-121.986702777778,-121.986702777778,-121.986712440848,-121.986958232555,2019-09-08 13:32:39,2019-09-08 13:32:36,762.86,"PSCIS 125186 upstream","iPhone 7 Plus","https://raw.githubusercontent.com/NewGraphEnvironment/Parsnip_Fish_Passage/master/data/photos/125186/us2.JPG"
"125186","us3.JPG","125186_us2",0,54.6192166666667,54.6192166666667,54.6192194335163,54.6173016103081,-121.985833333333,-121.985833333333,-121.985835190862,-121.986958232555,2019-09-08 13:51:36,2019-09-08 13:51:36,779.94,"PSCIS 125186 upstream","iPhone 7 Plus","https://raw.githubusercontent.com/NewGraphEnvironment/Parsnip_Fish_Passage/master/data/photos/125186/us3.JPG"
"125186","us4.JPG","125186_us2",3,54.6216222222222,54.6216222222222,54.6216350980103,54.6173016103081,-121.986247222222,-121.986247222222,-121.986254118383,-121.986958232555,2019-09-08 14:02:54,2019-09-08 14:02:51,802.93,"PSCIS 125186 upstream","iPhone 7 Plus","https://raw.githubusercontent.com/NewGraphEnvironment/Parsnip_Fish_Passage/master/data/photos/125186/us4.JPG"
"125186","us5.JPG","125186_us2",61,54.6214833333333,54.6214833333333,54.621663428843,54.6173016103081,-121.986366666667,-121.986366666667,-121.986208437011,-121.986958232555,2019-09-08 14:08:02,2019-09-08 14:07:01,803.91,"PSCIS 125186 upstream","iPhone 7 Plus","https://raw.githubusercontent.com/NewGraphEnvironment/Parsnip_Fish_Passage/master/data/photos/125186/us5.JPG"
"125231","barrel.JPG","125128_ds_track",149384,NA,54.731041465001,54.606712711975,54.731041465001,NA,-122.223915633499,-121.708883782849,-122.223915633499,2019-09-04 09:47:12,2019-09-02 16:17:28,846.79,NA,"FinePix XP80 XP81 XP85","https://raw.githubusercontent.com/NewGraphEnvironment/Parsnip_Fish_Passage/master/data/photos/125231/barrel.JPG"
"125231","barrel2.JPG","125128_ds_track",149392,NA,54.731041465001,54.606712711975,54.731041465001,NA,-122.223915633499,-121.708883782849,-122.223915633499,2019-09-04 09:47:20,2019-09-02 16:17:28,846.79,NA,"FinePix XP80 XP81 XP85","https://raw.githubusercontent.com/NewGraphEnvironment/Parsnip_Fish_Passage/master/data/photos/125231/barrel2.JPG"
"125231","downstream.JPG","125128_ds_track",149326,NA,54.731041465001,54.606712711975,54.731041465001,NA,-122.223915633499,-121.708883782849,-122.223915633499,2019-09-04 09:46:14,2019-09-02 16:17:28,846.79,NA,"FinePix XP80 XP81 XP85","https://raw.githubusercontent.com/NewGraphEnvironment/Parsnip_Fish_Passage/master/data/photos/125231/downstream.JPG"
"125231","downstream2.JPG","125128_ds_track",149689,NA,54.731041465001,54.606712711975,54.731041465001,NA,-122.223915633499,-121.708883782849,-122.223915633499,2019-09-04 09:52:17,2019-09-02 16:17:28,846.79,NA,"FinePix XP80 XP81 XP85","https://raw.githubusercontent.com/NewGraphEnvironment/Parsnip_Fish_Passage/master/data/photos/125231/downstream2.JPG"
"125231","downstream_railway_passable.JPG","125231_ds1",2,NA,54.7305351309478,54.7305351309478,54.731041465001,NA,-122.226903503761,-122.226903503761,-122.223915633499,2019-09-04 10:00:47,2019-09-04 10:00:45,742.06,NA,"FinePix XP80 XP81 XP85","https://raw.githubusercontent.com/NewGraphEnvironment/Parsnip_Fish_Passage/master/data/photos/125231/downstream_railway_passable.JPG"
"125231","downstream_railway_passable2.JPG","125231_ds1",0,NA,54.7306556627154,54.7306556627154,54.731041465001,NA,-122.226838292554,-122.226838292554,-122.223915633499,2019-09-04 10:06:15,2019-09-04 10:06:15,745.19,NA,"FinePix XP80 XP81 XP85","https://raw.githubusercontent.com/NewGraphEnvironment/Parsnip_Fish_Passage/master/data/photos/125231/downstream_railway_passable2.JPG"
"125231","DSCF4712.JPG","125231_us",3,NA,54.7314780950546,54.7314780950546,54.731041465001,NA,-122.223983416334,-122.223983416334,-122.223915633499,2019-09-05 11:51:28,2019-09-05 11:51:25,748.78,NA,"FinePix XP80 XP81 XP85","https://raw.githubusercontent.com/NewGraphEnvironment/Parsnip_Fish_Passage/master/data/photos/125231/DSCF4712.JPG"
"125231","DSCF4714.JPG","125231_us",4,NA,54.731671884656,54.731671884656,54.731041465001,NA,-122.223923318088,-122.223923318088,-122.223915633499,2019-09-05 11:53:44,2019-09-05 11:53:40,752.4,NA,"FinePix XP80 XP81 XP85","https://raw.githubusercontent.com/NewGraphEnvironment/Parsnip_Fish_Passage/master/data/photos/125231/DSCF4714.JPG"
"125231","DSCF4715.JPG","125231_us",0,NA,54.7316433023661,54.7316433023661,54.731041465001,NA,-122.223921641707,-122.223921641707,-122.223915633499,2019-09-05 11:54:14,2019-09-05 11:54:14,755.55,NA,"FinePix XP80 XP81 XP85","https://raw.githubusercontent.com/NewGraphEnvironment/Parsnip_Fish_Passage/master/data/photos/125231/DSCF4715.JPG"
"125231","DSCF4716.JPG","125231_us",4,NA,54.7317323181778,54.7317323181778,54.731041465001,NA,-122.223883671686,-122.223883671686,-122.223915633499,2019-09-05 11:55:59,2019-09-05 11:55:55,759.6,NA,"FinePix XP80 XP81 XP85","https://raw.githubusercontent.com/NewGraphEnvironment/Parsnip_Fish_Passage/master/data/photos/125231/DSCF4716.JPG"
"125231","DSCF4717.JPG","125231_us",3,NA,54.7324242442846,54.7324242442846,54.731041465001,NA,-122.223506653681,-122.223506653681,-122.223915633499,2019-09-05 12:04:52,2019-09-05 12:04:49,775.15,NA,"FinePix XP80 XP81 XP85","https://raw.githubusercontent.com/NewGraphEnvironment/Parsnip_Fish_Passage/master/data/photos/125231/DSCF4717.JPG"
"125231","DSCF4718.JPG","125231_us",1,NA,54.7324440255761,54.7324440255761,54.731041465001,NA,-122.223503720015,-122.223503720015,-122.223915633499,2019-09-05 12:04:56,2019-09-05 12:04:55,774.85,NA,"FinePix XP80 XP81 XP85","https://raw.githubusercontent.com/NewGraphEnvironment/Parsnip_Fish_Passage/master/data/photos/125231/DSCF4718.JPG"
"125231","DSCF4719.JPG","125231_us",0,NA,54.7324837557971,54.7324837557971,54.731041465001,NA,-122.223480083048,-122.223480083048,-122.223915633499,2019-09-05 12:05:05,2019-09-05 12:05:05,774.39,NA,"FinePix XP80 XP81 XP85","https://raw.githubusercontent.com/NewGraphEnvironment/Parsnip_Fish_Passage/master/data/photos/125231/DSCF4719.JPG"
"125231","DSCF4721.JPG","125231_us",0,NA,54.7329113166779,54.7329113166779,54.731041465001,NA,-122.222870383412,-122.222870383412,-122.223915633499,2019-09-05 12:10:40,2019-09-05 12:10:40,776.4,NA,"FinePix XP80 XP81 XP85","https://raw.githubusercontent.com/NewGraphEnvironment/Parsnip_Fish_Passage/master/data/photos/125231/DSCF4721.JPG"
"125231","inlet.JPG","125128_ds_track",149373,NA,54.731041465001,54.606712711975,54.731041465001,NA,-122.223915633499,-121.708883782849,-122.223915633499,2019-09-04 09:47:01,2019-09-02 16:17:28,846.79,NA,"FinePix XP80 XP81 XP85","https://raw.githubusercontent.com/NewGraphEnvironment/Parsnip_Fish_Passage/master/data/photos/125231/inlet.JPG"
"125231","outlet.JPG","125128_ds_track",149520,NA,54.731041465001,54.606712711975,54.731041465001,NA,-122.223915633499,-121.708883782849,-122.223915633499,2019-09-04 09:49:28,2019-09-02 16:17:28,846.79,NA,"FinePix XP80 XP81 XP85","https://raw.githubusercontent.com/NewGraphEnvironment/Parsnip_Fish_Passage/master/data/photos/125231/outlet.JPG"
"125231","outlet2.JPG","125128_ds_track",149683,NA,54.731041465001,54.606712711975,54.731041465001,NA,-122.223915633499,-121.708883782849,-122.223915633499,2019-09-04 09:52:11,2019-09-02 16:17:28,846.79,NA,"FinePix XP80 XP81 XP85","https://raw.githubusercontent.com/NewGraphEnvironment/Parsnip_Fish_Passage/master/data/photos/125231/outlet2.JPG"
"125231","outlet3.JPG","125128_ds_track",149509,NA,54.731041465001,54.606712711975,54.731041465001,NA,-122.223915633499,-121.708883782849,-122.223915633499,2019-09-04 09:49:17,2019-09-02 16:17:28,846.79,NA,"FinePix XP80 XP81 XP85","https://raw.githubusercontent.com/NewGraphEnvironment/Parsnip_Fish_Passage/master/data/photos/125231/outlet3.JPG"
"125231","road.JPG","125128_ds_track",149312,NA,54.731041465001,54.606712711975,54.731041465001,NA,-122.223915633499,-121.708883782849,-122.223915633499,2019-09-04 09:46:00,2019-09-02 16:17:28,846.79,NA,"FinePix XP80 XP81 XP85","https://raw.githubusercontent.com/NewGraphEnvironment/Parsnip_Fish_Passage/master/data/photos/125231/road.JPG"
"125231","upstream.JPG","125128_ds_track",149369,NA,54.731041465001,54.606712711975,54.731041465001,NA,-122.223915633499,-121.708883782849,-122.223915633499,2019-09-04 09:46:57,2019-09-02 16:17:28,846.79,NA,"FinePix XP80 XP81 XP85","https://raw.githubusercontent.com/NewGraphEnvironment/Parsnip_Fish_Passage/master/data/photos/125231/upstream.JPG"
"125247","barrel.JPG","125231_ds1",4790,NA,54.7108058902729,54.7297206614166,54.7108058902729,NA,-122.33321759587,-122.228120053187,-122.33321759587,2019-09-04 11:41:10,2019-09-04 10:21:20,744.64,NA,"FinePix XP80 XP81 XP85","https://raw.githubusercontent.com/NewGraphEnvironment/Parsnip_Fish_Passage/master/data/photos/125247/barrel.JPG"
"125247","confluence_parsnip.jpg",NA,NA,NA,NA,NA,54.7108058902729,NA,NA,NA,-122.33321759587,NA,NA,NA,NA,NA,"https://raw.githubusercontent.com/NewGraphEnvironment/Parsnip_Fish_Passage/master/data/photos/125247/confluence_parsnip.jpg"
"125247","downstream.JPG","125231_ds1",4921,NA,54.7108058902729,54.7297206614166,54.7108058902729,NA,-122.33321759587,-122.228120053187,-122.33321759587,2019-09-04 11:43:21,2019-09-04 10:21:20,744.64,NA,"FinePix XP80 XP81 XP85","https://raw.githubusercontent.com/NewGraphEnvironment/Parsnip_Fish_Passage/master/data/photos/125247/downstream.JPG"
"125247","downstream2.JPG","125231_ds1",5256,NA,54.7297206614166,54.7297206614166,54.7108058902729,NA,-122.228120053187,-122.228120053187,-122.33321759587,2019-09-04 11:48:56,2019-09-04 10:21:20,744.64,NA,"FinePix XP80 XP81 XP85","https://raw.githubusercontent.com/NewGraphEnvironment/Parsnip_Fish_Passage/master/data/photos/125247/downstream2.JPG"
"125247","downstream3.jpg",NA,NA,NA,NA,NA,54.7108058902729,NA,NA,NA,-122.33321759587,NA,NA,NA,NA,NA,"https://raw.githubusercontent.com/NewGraphEnvironment/Parsnip_Fish_Passage/master/data/photos/125247/downstream3.jpg"
"125247","downstream4.jpg",NA,NA,NA,NA,NA,54.7108058902729,NA,NA,NA,-122.33321759587,NA,NA,NA,NA,NA,"https://raw.githubusercontent.com/NewGraphEnvironment/Parsnip_Fish_Passage/master/data/photos/125247/downstream4.jpg"
"125247","DSCF4798.JPG","125247_us_track",1,NA,54.7116209473461,54.7116209473461,54.7108058902729,NA,-122.334156157449,-122.334156157449,-122.33321759587,2019-09-06 09:31:40,2019-09-06 09:31:39,719.81,NA,"FinePix XP80 XP81 XP85","https://raw.githubusercontent.com/NewGraphEnvironment/Parsnip_Fish_Passage/master/data/photos/125247/DSCF4798.JPG"
"125247","DSCF4802.JPG","125247_us_track",1,NA,54.7134725935757,54.7134725935757,54.7108058902729,NA,-122.335137175396,-122.335137175396,-122.33321759587,2019-09-06 09:38:40,2019-09-06 09:38:39,729.54,NA,"FinePix XP80 XP81 XP85","https://raw.githubusercontent.com/NewGraphEnvironment/Parsnip_Fish_Passage/master/data/photos/125247/DSCF4802.JPG"
"125247","DSCF4805.JPG","125247_us_track",2,NA,54.7138225380331,54.7138225380331,54.7108058902729,NA,-122.335515031591,-122.335515031591,-122.33321759587,2019-09-06 09:44:35,2019-09-06 09:44:33,741.52,NA,"FinePix XP80 XP81 XP85","https://raw.githubusercontent.com/NewGraphEnvironment/Parsnip_Fish_Passage/master/data/photos/125247/DSCF4805.JPG"
"125247","DSCF4806.JPG","125247_us_track",3,NA,54.7138099651784,54.7138099651784,54.7108058902729,NA,-122.335524754599,-122.335524754599,-122.33321759587,2019-09-06 09:44:42,2019-09-06 09:44:39,741.79,NA,"FinePix XP80 XP81 XP85","https://raw.githubusercontent.com/NewGraphEnvironment/Parsnip_Fish_Passage/master/data/photos/125247/DSCF4806.JPG"
"125247","DSCF4807.JPG","125247_us_track",3,NA,54.7142449021339,54.7142449021339,54.7108058902729,NA,-122.335815606639,-122.335815606639,-122.33321759587,2019-09-06 09:48:21,2019-09-06 09:48:18,734.42,NA,"FinePix XP80 XP81 XP85","https://raw.githubusercontent.com/NewGraphEnvironment/Parsnip_Fish_Passage/master/data/photos/125247/DSCF4807.JPG"
"125247","DSCF4808.JPG","125247_us_track",1,NA,54.715606123209,54.715606123209,54.7108058902729,NA,-122.337150257081,-122.337150257081,-122.33321759587,2019-09-06 09:55:05,2019-09-06 09:55:04,740.43,NA,"FinePix XP80 XP81 XP85","https://raw.githubusercontent.com/NewGraphEnvironment/Parsnip_Fish_Passage/master/data/photos/125247/DSCF4808.JPG"
"125247","inlet.JPG","125231_ds1",4928,NA,54.7108058902729,54.7297206614166,54.7108058902729,NA,-122.33321759587,-122.228120053187,-122.33321759587,2019-09-04 11:43:28,2019-09-04 10:21:20,744.64,NA,"FinePix XP80 XP81 XP85","https://raw.githubusercontent.com/NewGraphEnvironment/Parsnip_Fish_Passage/master/data/photos/125247/inlet.JPG"
"125247","outlet.JPG","125231_ds1",4717,NA,54.7108058902729,54.7297206614166,54.7108058902729,NA,-122.33321759587,-122.228120053187,-122.33321759587,2019-09-04 11:39:57,2019-09-04 10:21:20,744.64,NA,"FinePix XP80 XP81 XP85","https://raw.githubusercontent.com/NewGraphEnvironment/Parsnip_Fish_Passage/master/data/photos/125247/outlet.JPG"
"125247","road.JPG","125231_ds1",4648,NA,54.7108058902729,54.7297206614166,54.7108058902729,NA,-122.33321759587,-122.228120053187,-122.33321759587,2019-09-04 11:38:48,2019-09-04 10:21:20,744.64,NA,"FinePix XP80 XP81 XP85","https://raw.githubusercontent.com/NewGraphEnvironment/Parsnip_Fish_Passage/master/data/photos/125247/road.JPG"
"125247","upstream (2).JPG","125247_us_track",13,NA,54.7165372688323,54.7165372688323,54.7108058902729,NA,-122.337956344709,-122.337956344709,-122.33321759587,2019-09-06 10:02:12,2019-09-06 10:01:59,735.18,NA,"FinePix XP80 XP81 XP85","https://raw.githubusercontent.com/NewGraphEnvironment/Parsnip_Fish_Passage/master/data/photos/125247/upstream (2).JPG"
"125247","upstream.JPG","125231_ds1",4714,NA,54.7108058902729,54.7297206614166,54.7108058902729,NA,-122.33321759587,-122.228120053187,-122.33321759587,2019-09-04 11:39:54,2019-09-04 10:21:20,744.64,NA,"FinePix XP80 XP81 XP85","https://raw.githubusercontent.com/NewGraphEnvironment/Parsnip_Fish_Passage/master/data/photos/125247/upstream.JPG"
"125247","upstream_railway_crossing_16603287_90m_long.JPG","125247_us_track",3,NA,54.7115671355277,54.7115671355277,54.7108058902729,NA,-122.334105195478,-122.334105195478,-122.33321759587,2019-09-06 09:31:37,2019-09-06 09:31:34,720.26,NA,"FinePix XP80 XP81 XP85","https://raw.githubusercontent.com/NewGraphEnvironment/Parsnip_Fish_Passage/master/data/photos/125247/upstream_railway_crossing_16603287_90m_long.JPG"
"125253","barrel.JPG","125253_ds",2,NA,54.7284515958446,54.7285294253379,54.7284515958446,NA,-122.414047780847,-122.413729168475,-122.414047780847,2019-09-04 15:43:01,2019-09-04 15:42:59,733.99,NA,"FinePix XP80 XP81 XP85","https://raw.githubusercontent.com/NewGraphEnvironment/Parsnip_Fish_Passage/master/data/photos/125253/barrel.JPG"
"125253","downstream.JPG","125253_ds",2,NA,54.7284515958446,54.7285183612257,54.7284515958446,NA,-122.414047780847,-122.413687091321,-122.414047780847,2019-09-04 15:42:21,2019-09-04 15:42:19,734.73,NA,"FinePix XP80 XP81 XP85","https://raw.githubusercontent.com/NewGraphEnvironment/Parsnip_Fish_Passage/master/data/photos/125253/downstream.JPG"
"125253","downstream4.JPG","125253_ds",3,NA,54.7269716486335,54.7269716486335,54.7284515958446,NA,-122.415653485805,-122.415653485805,-122.414047780847,2019-09-04 16:35:22,2019-09-04 16:35:19,736.02,NA,"FinePix XP80 XP81 XP85","https://raw.githubusercontent.com/NewGraphEnvironment/Parsnip_Fish_Passage/master/data/photos/125253/downstream4.JPG"
"125253","downstream5.JPG","125253_ds",3,NA,54.726854134351,54.726854134351,54.7284515958446,NA,-122.415848029777,-122.415848029777,-122.414047780847,2019-09-04 16:37:12,2019-09-04 16:37:09,736.74,NA,"FinePix XP80 XP81 XP85","https://raw.githubusercontent.com/NewGraphEnvironment/Parsnip_Fish_Passage/master/data/photos/125253/downstream5.JPG"
"125253","downstream_railway_16603267.JPG","125253_ds",4,NA,54.728151736781,54.728151736781,54.7284515958446,NA,-122.414685543627,-122.414685543627,-122.414047780847,2019-09-04 15:59:28,2019-09-04 15:59:24,732.86,NA,"FinePix XP80 XP81 XP85","https://raw.githubusercontent.com/NewGraphEnvironment/Parsnip_Fish_Passage/master/data/photos/125253/downstream_railway_16603267.JPG"
"125253","DSCF4820.JPG","125253_us1",3,NA,54.7288382984698,54.7288382984698,54.7284515958446,NA,-122.412564251572,-122.412564251572,-122.414047780847,2019-09-06 11:27:42,2019-09-06 11:27:39,729.54,NA,"FinePix XP80 XP81 XP85","https://raw.githubusercontent.com/NewGraphEnvironment/Parsnip_Fish_Passage/master/data/photos/125253/DSCF4820.JPG"
"125253","DSCF4821.JPG","125253_us1",3,NA,54.728846764192,54.728846764192,54.7284515958446,NA,-122.412543380633,-122.412543380633,-122.414047780847,2019-09-06 11:27:47,2019-09-06 11:27:44,728.78,NA,"FinePix XP80 XP81 XP85","https://raw.githubusercontent.com/NewGraphEnvironment/Parsnip_Fish_Passage/master/data/photos/125253/DSCF4821.JPG"
"125253","DSCF4822.JPG","125253_us1",5,NA,54.7289892565459,54.7289892565459,54.7284515958446,NA,-122.411913815886,-122.411913815886,-122.414047780847,2019-09-06 11:31:23,2019-09-06 11:31:18,732.04,NA,"FinePix XP80 XP81 XP85","https://raw.githubusercontent.com/NewGraphEnvironment/Parsnip_Fish_Passage/master/data/photos/125253/DSCF4822.JPG"
"125253","DSCF4824.JPG","125247_ds_track",4,NA,54.7097374498844,54.7097374498844,54.7284515958446,NA,-122.332655712962,-122.332655712962,-122.414047780847,2019-09-06 11:36:03,2019-09-06 11:35:59,739.87,NA,"FinePix XP80 XP81 XP85","https://raw.githubusercontent.com/NewGraphEnvironment/Parsnip_Fish_Passage/master/data/photos/125253/DSCF4824.JPG"
"125253","DSCF4826.JPG","125253_us1",0,NA,54.7289387974888,54.7289387974888,54.7284515958446,NA,-122.410376826301,-122.410376826301,-122.414047780847,2019-09-06 11:38:34,2019-09-06 11:38:34,729.65,NA,"FinePix XP80 XP81 XP85","https://raw.githubusercontent.com/NewGraphEnvironment/Parsnip_Fish_Passage/master/data/photos/125253/DSCF4826.JPG"
"125253","DSCF4827.JPG","125253_us2",2,NA,54.7289046831429,54.7289046831429,54.7284515958446,NA,-122.408431554213,-122.408431554213,-122.414047780847,2019-09-06 11:44:21,2019-09-06 11:44:19,737.27,NA,"FinePix XP80 XP81 XP85","https://raw.githubusercontent.com/NewGraphEnvironment/Parsnip_Fish_Passage/master/data/photos/125253/DSCF4827.JPG"
"125253","DSCF4828.JPG","125253_us2",3,NA,54.729082128033,54.729082128033,54.7284515958446,NA,-122.406017063186,-122.406017063186,-122.414047780847,2019-09-06 11:49:42,2019-09-06 11:49:39,730.12,NA,"FinePix XP80 XP81 XP85","https://raw.githubusercontent.com/NewGraphEnvironment/Parsnip_Fish_Passage/master/data/photos/125253/DSCF4828.JPG"
"125253","DSCF4831.JPG","125253_us2",4,NA,54.7292718105018,54.7292718105018,54.7284515958446,NA,-122.405372243375,-122.405372243375,-122.414047780847,2019-09-06 11:55:17,2019-09-06 11:55:13,751.68,NA,"FinePix XP80 XP81 XP85","https://raw.githubusercontent.com/NewGraphEnvironment/Parsnip_Fish_Passage/master/data/photos/125253/DSCF4831.JPG"
"125253","DSCF4832.JPG","125253_us2",4,NA,54.7294431366026,54.7294431366026,54.7284515958446,NA,-122.405128581449,-122.405128581449,-122.414047780847,2019-09-06 11:57:12,2019-09-06 11:57:08,753,NA,"FinePix XP80 XP81 XP85","https://raw.githubusercontent.com/NewGraphEnvironment/Parsnip_Fish_Passage/master/data/photos/125253/DSCF4832.JPG"
"125253","DSCF4833.JPG","125253_us2",3,NA,54.7296960186213,54.7296960186213,54.7284515958446,NA,-122.403807258233,-122.403807258233,-122.414047780847,2019-09-06 12:00:56,2019-09-06 12:00:53,749.7,NA,"FinePix XP80 XP81 XP85","https://raw.githubusercontent.com/NewGraphEnvironment/Parsnip_Fish_Passage/master/data/photos/125253/DSCF4833.JPG"
"125253","DSCF4835.JPG","125253_us2",1,NA,54.7300000302494,54.7300000302494,54.7284515958446,NA,-122.403092030436,-122.403092030436,-122.414047780847,2019-09-06 12:03:43,2019-09-06 12:03:42,741.13,NA,"FinePix XP80 XP81 XP85","https://raw.githubusercontent.com/NewGraphEnvironment/Parsnip_Fish_Passage/master/data/photos/125253/DSCF4835.JPG"
"125253","inlet.JPG","125253_ds",3,NA,54.7284515958446,54.7285220492631,54.7284515958446,NA,-122.414047780847,-122.413703016937,-122.414047780847,2019-09-04 15:40:26,2019-09-04 15:40:23,732,NA,"FinePix XP80 XP81 XP85","https://raw.githubusercontent.com/NewGraphEnvironment/Parsnip_Fish_Passage/master/data/photos/125253/inlet.JPG"
"125253","outlet.JPG","125253_ds",4,NA,54.7284515958446,54.7285210434347,54.7284515958446,NA,-122.414047780847,-122.413689941168,-122.414047780847,2019-09-04 15:42:18,2019-09-04 15:42:14,734.38,NA,"FinePix XP80 XP81 XP85","https://raw.githubusercontent.com/NewGraphEnvironment/Parsnip_Fish_Passage/master/data/photos/125253/outlet.JPG"
"125253","road.JPG","125253_ds",4,NA,54.7284515958446,54.7285307664424,54.7284515958446,NA,-122.414047780847,-122.413706956431,-122.414047780847,2019-09-04 15:40:08,2019-09-04 15:40:04,732.4,NA,"FinePix XP80 XP81 XP85","https://raw.githubusercontent.com/NewGraphEnvironment/Parsnip_Fish_Passage/master/data/photos/125253/road.JPG"
"125253","upstream.JPG","125247_ds_track",14,NA,54.7284515958446,54.7103533521295,54.7284515958446,NA,-122.414047780847,-122.33324194327,-122.414047780847,2019-09-06 11:23:20,2019-09-06 11:23:06,740.35,NA,"FinePix XP80 XP81 XP85","https://raw.githubusercontent.com/NewGraphEnvironment/Parsnip_Fish_Passage/master/data/photos/125253/upstream.JPG"
"125345","barrel.jpg",NA,NA,NA,54.8995846223199,NA,54.8995846223199,NA,-122.648375407019,NA,-122.648375407019,NA,NA,NA,NA,NA,"https://raw.githubusercontent.com/NewGraphEnvironment/Parsnip_Fish_Passage/master/data/photos/125345/barrel.jpg"
"125345","downstream.jpg",NA,NA,NA,54.8995846223199,NA,54.8995846223199,NA,-122.648375407019,NA,-122.648375407019,NA,NA,NA,NA,NA,"https://raw.githubusercontent.com/NewGraphEnvironment/Parsnip_Fish_Passage/master/data/photos/125345/downstream.jpg"
"125345","DSCF4842.JPG","125253_us2",0,NA,54.8999962583184,54.8999962583184,54.8995846223199,NA,-122.646968783811,-122.646968783811,-122.648375407019,2019-09-06 14:07:08,2019-09-06 14:07:08,722.4,NA,"FinePix XP80 XP81 XP85","https://raw.githubusercontent.com/NewGraphEnvironment/Parsnip_Fish_Passage/master/data/photos/125345/DSCF4842.JPG"
"125345","DSCF4846.JPG","125253_us2",3,NA,54.9001723621041,54.9001723621041,54.8995846223199,NA,-122.645818535239,-122.645818535239,-122.648375407019,2019-09-06 14:16:57,2019-09-06 14:16:54,726.49,NA,"FinePix XP80 XP81 XP85","https://raw.githubusercontent.com/NewGraphEnvironment/Parsnip_Fish_Passage/master/data/photos/125345/DSCF4846.JPG"
"125345","DSCF4849.JPG","125253_us2",0,NA,54.9004940595478,54.9004940595478,54.8995846223199,NA,-122.644925359637,-122.644925359637,-122.648375407019,2019-09-06 14:24:24,2019-09-06 14:24:24,722.09,NA,"FinePix XP80 XP81 XP85","https://raw.githubusercontent.com/NewGraphEnvironment/Parsnip_Fish_Passage/master/data/photos/125345/DSCF4849.JPG"
"125345","DSCF4850.JPG","125253_us2",1,NA,54.9004982504994,54.9004982504994,54.8995846223199,NA,-122.644929718226,-122.644929718226,-122.648375407019,2019-09-06 14:24:30,2019-09-06 14:24:29,722.37,NA,"FinePix XP80 XP81 XP85","https://raw.githubusercontent.com/NewGraphEnvironment/Parsnip_Fish_Passage/master/data/photos/125345/DSCF4850.JPG"
"125345","DSCF4859.JPG","125253_us2",1,NA,54.8991345986724,54.8991345986724,54.8995846223199,NA,-122.648600740358,-122.648600740358,-122.648375407019,2019-09-06 14:42:21,2019-09-06 14:42:20,730.26,NA,"FinePix XP80 XP81 XP85","https://raw.githubusercontent.com/NewGraphEnvironment/Parsnip_Fish_Passage/master/data/photos/125345/DSCF4859.JPG"
"125345","DSCF4860.JPG","125253_us2",3,NA,54.9029066227376,54.9029066227376,54.8995846223199,NA,-122.642526207492,-122.642526207492,-122.648375407019,2019-09-06 14:48:47,2019-09-06 14:48:44,727.87,NA,"FinePix XP80 XP81 XP85","https://raw.githubusercontent.com/NewGraphEnvironment/Parsnip_Fish_Passage/master/data/photos/125345/DSCF4860.JPG"
"125345","DSCF4861.JPG","125253_us2",0,NA,54.9029032699764,54.9029032699764,54.8995846223199,NA,-122.642524363473,-122.642524363473,-122.648375407019,2019-09-06 14:48:59,2019-09-06 14:48:59,727.58,NA,"FinePix XP80 XP81 XP85","https://raw.githubusercontent.com/NewGraphEnvironment/Parsnip_Fish_Passage/master/data/photos/125345/DSCF4861.JPG"
"125345","DSCF4863.JPG","125253_us2",3,NA,54.9030756857246,54.9030756857246,54.8995846223199,NA,-122.641639150679,-122.641639150679,-122.648375407019,2019-09-06 14:53:22,2019-09-06 14:53:19,723.82,NA,"FinePix XP80 XP81 XP85","https://raw.githubusercontent.com/NewGraphEnvironment/Parsnip_Fish_Passage/master/data/photos/125345/DSCF4863.JPG"
"125345","inlet.jpg",NA,NA,NA,54.8995846223199,NA,54.8995846223199,NA,-122.648375407019,NA,-122.648375407019,NA,NA,NA,NA,NA,"https://raw.githubusercontent.com/NewGraphEnvironment/Parsnip_Fish_Passage/master/data/photos/125345/inlet.jpg"
"125345","outlet.jpg",NA,NA,NA,54.8995846223199,NA,54.8995846223199,NA,-122.648375407019,NA,-122.648375407019,NA,NA,NA,NA,NA,"https://raw.githubusercontent.com/NewGraphEnvironment/Parsnip_Fish_Passage/master/data/photos/125345/outlet.jpg"
"125345","TimePhoto_20190906_141525.jpg",NA,NA,NA,NA,NA,54.8995846223199,NA,NA,NA,-122.648375407019,NA,NA,NA,NA,NA,"https://raw.githubusercontent.com/NewGraphEnvironment/Parsnip_Fish_Passage/master/data/photos/125345/TimePhoto_20190906_141525.jpg"
"125345","TimePhoto_20190906_143655.jpg",NA,NA,NA,NA,NA,54.8995846223199,NA,NA,NA,-122.648375407019,NA,NA,NA,NA,NA,"https://raw.githubusercontent.com/NewGraphEnvironment/Parsnip_Fish_Passage/master/data/photos/125345/TimePhoto_20190906_143655.jpg"
"125345","TimePhoto_20190906_145555.jpg",NA,NA,NA,NA,NA,54.8995846223199,NA,NA,NA,-122.648375407019,NA,NA,NA,NA,NA,"https://raw.githubusercontent.com/NewGraphEnvironment/Parsnip_Fish_Passage/master/data/photos/125345/TimePhoto_20190906_145555.jpg"
"125345","TimePhoto_20190906_150154.jpg",NA,NA,NA,NA,NA,54.8995846223199,NA,NA,NA,-122.648375407019,NA,NA,NA,NA,NA,"https://raw.githubusercontent.com/NewGraphEnvironment/Parsnip_Fish_Passage/master/data/photos/125345/TimePhoto_20190906_150154.jpg"
"125345","TimePhoto_20190906_150431.jpg",NA,NA,NA,NA,NA,54.8995846223199,NA,NA,NA,-122.648375407019,NA,NA,NA,NA,NA,"https://raw.githubusercontent.com/NewGraphEnvironment/Parsnip_Fish_Passage/master/data/photos/125345/TimePhoto_20190906_150431.jpg"
"125345","TimePhoto_20190906_150549.jpg",NA,NA,NA,NA,NA,54.8995846223199,NA,NA,NA,-122.648375407019,NA,NA,NA,NA,NA,"https://raw.githubusercontent.com/NewGraphEnvironment/Parsnip_Fish_Passage/master/data/photos/125345/TimePhoto_20190906_150549.jpg"
"125345","upstream.JPG","125253_us2",4,NA,54.8995846223199,54.8997458070517,54.8995846223199,NA,-122.648375407019,-122.64784662053,-122.648375407019,2019-09-06 14:00:53,2019-09-06 14:00:49,724.85,NA,"FinePix XP80 XP81 XP85","https://raw.githubusercontent.com/NewGraphEnvironment/Parsnip_Fish_Passage/master/data/photos/125345/upstream.JPG"
"125345","upstream_railway_57687.jpg",NA,NA,NA,NA,NA,54.8995846223199,NA,NA,NA,-122.648375407019,NA,NA,NA,NA,NA,"https://raw.githubusercontent.com/NewGraphEnvironment/Parsnip_Fish_Passage/master/data/photos/125345/upstream_railway_57687.jpg"
